-- phpMyAdmin SQL Dump
-- version 4.7.9
-- https://www.phpmyadmin.net/
--
-- Host: 127.0.0.1
-- Generation Time: Jul 08, 2019 at 01:58 PM
-- Server version: 10.1.31-MariaDB
-- PHP Version: 7.2.3

SET SQL_MODE = "NO_AUTO_VALUE_ON_ZERO";
SET AUTOCOMMIT = 0;
START TRANSACTION;
SET time_zone = "+00:00";


/*!40101 SET @OLD_CHARACTER_SET_CLIENT=@@CHARACTER_SET_CLIENT */;
/*!40101 SET @OLD_CHARACTER_SET_RESULTS=@@CHARACTER_SET_RESULTS */;
/*!40101 SET @OLD_COLLATION_CONNECTION=@@COLLATION_CONNECTION */;
/*!40101 SET NAMES utf8mb4 */;

--
-- Database: `bikekps_project`
--

-- --------------------------------------------------------

--
-- Table structure for table `bikeprices`
--

CREATE TABLE `bikeprices` (
  `type_id` int(4) NOT NULL,
  `bike_type` varchar(50) COLLATE utf8_unicode_ci NOT NULL,
  `price` int(6) DEFAULT NULL,
  `created_at` timestamp NULL DEFAULT NULL,
  `updated_at` timestamp NULL DEFAULT CURRENT_TIMESTAMP
) ENGINE=InnoDB DEFAULT CHARSET=utf8 COLLATE=utf8_unicode_ci;

--
-- Dumping data for table `bikeprices`
--

INSERT INTO `bikeprices` (`type_id`, `bike_type`, `price`, `created_at`, `updated_at`) VALUES
(0, 'เสือภูเขา', 70, '2019-05-23 07:58:55', '2019-05-23 07:58:55'),
(1, 'เสือหมอบ', 70, '2019-05-23 07:59:25', '2019-05-23 07:59:25'),
(2, 'ไฮบริด', 60, '2019-05-23 08:00:03', '2019-05-23 08:00:03'),
(3, 'ครุยเซอร์', 80, '2019-05-23 08:01:28', '2019-05-23 08:01:28'),
(4, 'ทั่วไป', 40, '2019-05-23 08:01:48', '2019-05-23 08:01:48');

-- --------------------------------------------------------

--
-- Table structure for table `bikerentals`
--

CREATE TABLE `bikerentals` (
  `rental_id` varchar(21) COLLATE utf8_unicode_ci NOT NULL,
  `member_id` varchar(21) COLLATE utf8_unicode_ci NOT NULL,
  `bike_id` varchar(21) COLLATE utf8_unicode_ci NOT NULL,
  `repatriate` date NOT NULL,
  `received` varchar(7) COLLATE utf8_unicode_ci DEFAULT NULL,
  `price` int(9) NOT NULL,
  `changecash` varchar(7) COLLATE utf8_unicode_ci DEFAULT NULL,
  `status_rental` varchar(10) COLLATE utf8_unicode_ci NOT NULL DEFAULT '99999',
  `employee_id` varchar(21) COLLATE utf8_unicode_ci NOT NULL,
  `created_at` timestamp NULL DEFAULT NULL,
  `updated_at` timestamp NOT NULL DEFAULT CURRENT_TIMESTAMP
) ENGINE=InnoDB DEFAULT CHARSET=utf8 COLLATE=utf8_unicode_ci;

--
-- Dumping data for table `bikerentals`
--

INSERT INTO `bikerentals` (`rental_id`, `member_id`, `bike_id`, `repatriate`, `received`, `price`, `changecash`, `status_rental`, `employee_id`, `created_at`, `updated_at`) VALUES
('300001', '200007', '10002', '2019-05-24', '70', 70, '0', '99998', '899999', '2019-03-23 11:38:02', '2019-03-23 11:42:03'),
('300002', '200006', '10003', '2019-05-14', '70', 70, '0', '99998', '899999', '2019-04-23 11:38:52', '2019-04-23 12:06:39'),
('300003', '200005', '10002', '2019-05-16', '70', 70, '0', '99998', '899999', '2019-04-23 11:43:53', '2019-04-23 11:52:28'),
('300004', '200004', '10004', '2019-05-15', '70', 70, '0', '99998', '899999', '2019-05-15 11:44:06', '2019-05-23 11:51:36'),
('300005', '200003', '10005', '2019-05-24', '70', 70, '0', '99998', '899999', '2019-05-23 11:44:23', '2019-05-23 11:46:49'),
('300006', '200002', '10006', '2019-05-24', '70', 70, '0', '99998', '899999', '2019-05-23 11:44:49', '2019-05-23 11:46:39'),
('300007', '200003', '10009', '2019-05-24', '60', 60, '0', '99998', '899999', '2019-05-23 11:45:09', '2019-05-23 11:46:23'),
('300008', '200007', '10013', '2019-05-24', '80', 80, '0', '99998', '899999', '2019-05-23 11:45:31', '2019-05-23 11:45:52'),
('300009', '200008', '10002', '2018-06-09', '70', 70, '0', '99998', '899999', '2018-06-23 12:35:51', '2019-05-23 13:04:55'),
('300010', '200009', '10003', '2018-06-24', '70', 70, '0', '99998', '899999', '2018-06-23 12:42:16', '2019-05-23 13:02:54'),
('300011', '200010', '10004', '2018-07-24', '70', 70, '0', '99998', '899999', '2018-07-23 12:42:39', '2019-05-23 13:00:07'),
('300012', '200012', '10005', '2018-08-24', '70', 70, '0', '99998', '899999', '2018-08-23 12:42:58', '2019-05-23 12:55:59'),
('300013', '200003', '10006', '2018-08-24', '70', 70, '0', '99998', '899999', '2018-08-23 12:43:35', '2019-05-23 12:55:47'),
('300014', '200002', '10007', '2018-08-24', '70', 70, '0', '99998', '899999', '2018-08-23 12:43:49', '2019-05-23 12:55:35'),
('300015', '200007', '10009', '2018-08-24', '60', 60, '0', '99998', '899999', '2018-08-23 12:44:03', '2019-05-23 12:54:24'),
('300016', '200010', '10002', '2019-05-24', '70', 70, '0', '99997', '899999', '2019-05-23 13:09:27', '2019-05-24 06:47:59'),
('300017', '200007', '10005', '2019-05-25', '70', 70, '0', '99998', '900001', '2019-05-23 18:26:40', '2019-05-23 18:59:44'),
('300018', '200006', '10003', '2019-05-25', '70', 70, '0', '99998', '900001', '2019-05-23 18:56:13', '2019-05-23 18:58:41'),
('300019', '200006', '10003', '2019-05-25', '70', 70, '0', '99998', '900001', '2019-05-23 19:16:10', '2019-05-23 19:16:22'),
('300020', '200006', '10003', '2019-05-16', '70', 70, '0', '99998', '899999', '2019-05-15 21:26:19', '2019-05-24 06:38:05'),
('300021', '200007', '10004', '2019-05-21', '70', 70, '0', '99998', '899999', '2019-05-20 21:26:54', '2019-05-24 03:12:41'),
('300022', '200007', '10005', '2019-05-25', '100', 70, '30', '99998', '899999', '2019-05-24 03:09:09', '2019-05-24 06:28:36'),
('300023', '200015', '10003', '2019-05-25', '70', 70, '0', '99999', '899999', '2019-05-24 07:44:19', '2019-05-24 07:44:19');

-- --------------------------------------------------------

--
-- Table structure for table `bikereturns`
--

CREATE TABLE `bikereturns` (
  `return_id` varchar(21) COLLATE utf8_unicode_ci NOT NULL,
  `member_id` varchar(21) COLLATE utf8_unicode_ci NOT NULL,
  `rental_id` varchar(21) COLLATE utf8_unicode_ci NOT NULL,
  `bike_id` varchar(21) COLLATE utf8_unicode_ci NOT NULL,
  `return_date` date NOT NULL,
  `received` varchar(7) COLLATE utf8_unicode_ci NOT NULL,
  `fine` int(9) NOT NULL DEFAULT '0',
  `finedisappear` int(10) NOT NULL DEFAULT '0',
  `changecash` varchar(7) COLLATE utf8_unicode_ci NOT NULL,
  `employee_id` varchar(21) COLLATE utf8_unicode_ci NOT NULL,
  `created_at` timestamp NULL DEFAULT NULL,
  `updated_at` timestamp NULL DEFAULT CURRENT_TIMESTAMP
) ENGINE=InnoDB DEFAULT CHARSET=utf8 COLLATE=utf8_unicode_ci;

--
-- Dumping data for table `bikereturns`
--

INSERT INTO `bikereturns` (`return_id`, `member_id`, `rental_id`, `bike_id`, `return_date`, `received`, `fine`, `finedisappear`, `changecash`, `employee_id`, `created_at`, `updated_at`) VALUES
('400001', '200007', '300001', '10002', '2019-05-24', '0', 0, 0, '0', '899999', '2019-05-23 11:42:03', '2019-05-23 11:42:03'),
('400002', '200007', '300008', '10013', '2019-05-24', '0', 0, 0, '0', '899999', '2019-05-23 11:45:52', '2019-05-23 11:45:52'),
('400003', '200003', '300007', '10009', '2019-05-24', '0', 0, 0, '0', '899999', '2019-05-23 11:46:23', '2019-05-23 11:46:23'),
('400004', '200002', '300006', '10006', '2019-05-24', '0', 0, 0, '0', '899999', '2019-05-23 11:46:39', '2019-05-23 11:46:39'),
('400005', '200003', '300005', '10005', '2019-05-24', '0', 0, 0, '0', '899999', '2019-05-23 11:46:49', '2019-05-23 11:46:49'),
('400006', '200004', '300004', '10004', '2019-05-15', '0', 0, 0, '0', '899999', '2019-05-23 11:51:36', '2019-05-23 11:51:36'),
('400007', '200005', '300003', '10002', '2019-05-16', '70', 70, 0, '0', '899999', '2019-05-23 11:52:28', '2019-05-23 11:52:28'),
('400008', '200006', '300002', '10003', '2019-05-14', '200', 90, 0, '110', '899999', '2019-05-23 12:06:39', '2019-05-23 12:06:39'),
('400009', '200007', '300015', '10009', '2018-08-24', '40', 10, 0, '30', '899999', '2018-08-27 12:54:24', '2018-08-27 12:54:24'),
('400010', '200002', '300014', '10007', '2018-08-24', '40', 10, 0, '30', '899999', '2018-08-27 12:55:35', '2018-08-27 12:55:35'),
('400011', '200003', '300013', '10006', '2018-08-24', '40', 10, 0, '30', '899999', '2018-08-27 12:55:47', '2018-08-27 12:55:47'),
('400012', '200012', '300012', '10005', '2018-08-24', '40', 10, 0, '30', '899999', '2018-08-27 12:55:59', '2018-08-27 12:55:59'),
('400013', '200010', '300011', '10004', '2018-07-24', '40', 40, 0, '40', '899999', '2018-07-28 13:00:07', '2018-07-28 13:00:07'),
('400014', '200009', '300010', '10003', '2018-06-24', '50', 50, 0, '0', '899999', '2018-06-29 13:02:54', '2018-06-29 13:02:54'),
('400015', '200008', '300009', '10002', '2018-06-09', '20', 10, 0, '10', '899999', '2018-06-10 13:04:55', '2018-06-10 13:04:55'),
('400016', '200006', '300018', '10003', '2019-05-25', '0', 0, 0, '0', '900001', '2019-05-23 18:58:41', '2019-05-23 18:58:41'),
('400017', '200007', '300017', '10005', '2019-05-19', '0', 0, 0, '0', '900001', '2019-05-18 18:59:44', '2019-05-18 18:59:44'),
('400018', '200006', '300019', '10003', '2019-05-21', '0', 0, 0, '0', '900001', '2019-05-20 19:16:22', '2019-05-20 19:16:22'),
('400019', '200007', '300021', '10004', '2019-05-21', '30', 30, 0, '0', '899999', '2019-05-24 03:12:41', '2019-05-24 03:12:41'),
('400020', '200007', '300022', '10005', '2019-05-25', '800', 700, 0, '100', '899999', '2019-05-24 06:28:36', '2019-05-24 06:28:36'),
('400021', '200006', '300020', '10003', '2019-05-24', '0', 0, 0, '0', '899999', '2019-05-24 06:38:05', '2019-05-24 06:38:05'),
('400022', '200010', '300016', '10002', '2019-05-24', '7000', 0, 7000, '0', '899999', '2019-05-24 06:47:59', '2019-05-24 06:47:59');

-- --------------------------------------------------------

--
-- Table structure for table `bikes`
--

CREATE TABLE `bikes` (
  `bike_id` varchar(20) COLLATE utf8_unicode_ci NOT NULL,
  `brand` varchar(21) COLLATE utf8_unicode_ci NOT NULL,
  `generation` varchar(51) COLLATE utf8_unicode_ci NOT NULL,
  `type_id` int(4) NOT NULL,
  `pricebike` varchar(20) COLLATE utf8_unicode_ci NOT NULL,
  `status_id` int(4) NOT NULL DEFAULT '0',
  `created_at` timestamp NULL DEFAULT NULL,
  `updated_at` timestamp NOT NULL DEFAULT CURRENT_TIMESTAMP
) ENGINE=InnoDB DEFAULT CHARSET=utf8 COLLATE=utf8_unicode_ci;

--
-- Dumping data for table `bikes`
--

INSERT INTO `bikes` (`bike_id`, `brand`, `generation`, `type_id`, `pricebike`, `status_id`, `created_at`, `updated_at`) VALUES
('10001', 'ROCKRIDER', 'SportTrail100', 0, '', 1, '2019-05-23 08:05:16', '2019-05-23 09:22:38'),
('10002', 'ROCKRIDER', 'SportTrail100', 0, '7000', 3, '2019-05-23 08:16:14', '2019-05-24 06:47:59'),
('10003', 'ROCKRIDER', 'SportTrail100', 0, '', 2, '2019-05-23 08:16:45', '2019-05-24 07:44:19'),
('10004', 'ROCKRIDER', 'SportTrail100', 0, '', 0, '2019-05-23 08:17:03', '2019-05-24 03:12:41'),
('10005', 'KEYSTO', 'RS600', 1, '', 0, '2019-05-23 08:25:12', '2019-05-24 06:28:36'),
('10006', 'KEYSTO', 'RS600', 1, '', 0, '2019-05-23 08:25:37', '2019-05-23 12:55:47'),
('10007', 'KEYSTO', 'RS600', 1, '', 0, '2019-05-23 08:25:47', '2019-05-23 12:55:35'),
('10008', 'KEYSTO', 'RS600', 1, '', 1, '2019-05-23 08:25:59', '2019-05-23 08:26:08'),
('10009', 'TRINX', 'Free2.0-47', 2, '', 0, '2019-05-23 08:28:12', '2019-05-23 12:54:24'),
('10010', 'TRINX', 'Free2.0-47', 2, '', 0, '2019-05-23 08:28:38', '2019-05-23 08:28:38'),
('10011', 'TRINX', 'Free2.0-47', 2, '', 0, '2019-05-23 08:28:55', '2019-05-23 08:28:55'),
('10012', 'TRINX', 'Free2.0-47', 2, '', 1, '2019-05-23 08:29:16', '2019-05-23 08:29:16'),
('10013', 'La', '24sense 6speed', 3, '', 0, '2019-05-23 08:31:39', '2019-05-23 11:45:52'),
('10014', 'La', '24sense 6speed', 3, '', 0, '2019-05-23 08:32:13', '2019-05-23 08:32:13'),
('10015', 'La', '24sense 6speed', 3, '', 0, '2019-05-23 08:32:25', '2019-05-23 08:32:25'),
('10016', 'La', '24sense 6speed', 3, '', 1, '2019-05-23 08:33:36', '2019-05-23 08:33:36'),
('10017', 'DELTA', 'VINCENT', 4, '', 0, '2019-05-23 08:36:56', '2019-05-23 08:36:56'),
('10018', 'DELTA', 'VINCENT', 4, '', 0, '2019-05-23 08:37:10', '2019-05-23 08:37:10'),
('10019', 'DELTA', 'VINCENT', 4, '', 0, '2019-05-23 08:37:22', '2019-05-23 08:37:22'),
('10020', 'DELTA', 'VINCENT', 4, '', 1, '2019-05-23 08:37:34', '2019-05-23 08:37:34');

-- --------------------------------------------------------

--
-- Table structure for table `bikestatuses`
--

CREATE TABLE `bikestatuses` (
  `status_id` int(4) NOT NULL,
  `status` varchar(50) COLLATE utf8_unicode_ci NOT NULL,
  `created_at` timestamp NULL DEFAULT NULL,
  `updated_at` timestamp NOT NULL DEFAULT CURRENT_TIMESTAMP
) ENGINE=InnoDB DEFAULT CHARSET=utf8 COLLATE=utf8_unicode_ci;

--
-- Dumping data for table `bikestatuses`
--

INSERT INTO `bikestatuses` (`status_id`, `status`, `created_at`, `updated_at`) VALUES
(0, 'พร้อมใช้งาน', '2019-04-29 17:00:01', '0000-00-00 00:00:00'),
(1, 'ปรับปรุง', '2019-04-29 17:00:01', '0000-00-00 00:00:00'),
(2, 'เช่า', '2019-04-29 17:00:45', '2019-04-29 17:00:45'),
(3, 'หาย', '2019-05-24 06:13:44', '2019-05-24 06:13:44');

-- --------------------------------------------------------

--
-- Table structure for table `historybikes`
--

CREATE TABLE `historybikes` (
  `pk` varchar(50) COLLATE utf8_unicode_ci NOT NULL,
  `biketable` varchar(40) COLLATE utf8_unicode_ci NOT NULL,
  `employee_id` varchar(50) COLLATE utf8_unicode_ci NOT NULL,
  `event` varchar(50) COLLATE utf8_unicode_ci NOT NULL,
  `datetime` datetime NOT NULL,
  `id` int(9) NOT NULL
) ENGINE=InnoDB DEFAULT CHARSET=utf8 COLLATE=utf8_unicode_ci;

--
-- Dumping data for table `historybikes`
--

INSERT INTO `historybikes` (`pk`, `biketable`, `employee_id`, `event`, `datetime`, `id`) VALUES
('1', 'ข้อมูลการเช่าจักรยาน', '89999', 'เพิ่มข้อมูล', '2019-05-23 18:36:04', 398),
('1', 'ข้อมูลการเช่าจักรยาน', '899999', 'เพิ่มข้อมูล', '2019-05-23 18:38:02', 399),
('300002', 'ข้อมูลการเช่าจักรยาน', '899999', 'เพิ่มข้อมูล', '2019-05-23 18:38:52', 400),
('1', 'ข้อมูลการคืนจักรยาน', '899999', 'เพิ่มข้อมูล', '2019-05-23 18:42:03', 401),
('300003', 'ข้อมูลการเช่าจักรยาน', '899999', 'เพิ่มข้อมูล', '2019-05-23 18:43:53', 402),
('300004', 'ข้อมูลการเช่าจักรยาน', '899999', 'เพิ่มข้อมูล', '2019-05-23 18:44:06', 403),
('300005', 'ข้อมูลการเช่าจักรยาน', '899999', 'เพิ่มข้อมูล', '2019-05-23 18:44:23', 404),
('300006', 'ข้อมูลการเช่าจักรยาน', '899999', 'เพิ่มข้อมูล', '2019-05-23 18:44:49', 405),
('300007', 'ข้อมูลการเช่าจักรยาน', '899999', 'เพิ่มข้อมูล', '2019-05-23 18:45:09', 406),
('300008', 'ข้อมูลการเช่าจักรยาน', '899999', 'เพิ่มข้อมูล', '2019-05-23 18:45:31', 407),
('400002', 'ข้อมูลการคืนจักรยาน', '899999', 'เพิ่มข้อมูล', '2019-05-23 18:45:52', 408),
('400003', 'ข้อมูลการคืนจักรยาน', '899999', 'เพิ่มข้อมูล', '2019-05-23 18:46:23', 409),
('400004', 'ข้อมูลการคืนจักรยาน', '899999', 'เพิ่มข้อมูล', '2019-05-23 18:46:39', 410),
('400005', 'ข้อมูลการคืนจักรยาน', '899999', 'เพิ่มข้อมูล', '2019-05-23 18:46:49', 411),
('400006', 'ข้อมูลการคืนจักรยาน', '899999', 'เพิ่มข้อมูล', '2019-05-23 18:51:36', 412),
('400007', 'ข้อมูลการคืนจักรยาน', '899999', 'เพิ่มข้อมูล', '2019-05-23 18:52:28', 413),
('400008', 'ข้อมูลการคืนจักรยาน', '899999', 'เพิ่มข้อมูล', '2019-05-23 19:06:39', 414),
('200008', 'ข้อมูลสมาชิก', '899999', 'เพิ่มข้อมูล', '2019-05-23 19:23:40', 415),
('200009', 'ข้อมูลสมาชิก', '899999', 'เพิ่มข้อมูล', '2019-05-23 19:24:15', 416),
('200010', 'ข้อมูลสมาชิก', '899999', 'เพิ่มข้อมูล', '2019-05-23 19:24:58', 417),
('200011', 'ข้อมูลสมาชิก', '899999', 'เพิ่มข้อมูล', '2019-05-23 19:25:36', 418),
('200012', 'ข้อมูลสมาชิก', '899999', 'เพิ่มข้อมูล', '2019-05-23 19:26:35', 419),
('200013', 'ข้อมูลสมาชิก', '899999', 'เพิ่มข้อมูล', '2019-05-23 19:27:35', 420),
('200014', 'ข้อมูลสมาชิก', '899999', 'เพิ่มข้อมูล', '2019-05-23 19:28:43', 421),
('300009', 'ข้อมูลการเช่าจักรยาน', '899999', 'เพิ่มข้อมูล', '2019-05-23 19:35:51', 422),
('300010', 'ข้อมูลการเช่าจักรยาน', '899999', 'เพิ่มข้อมูล', '2019-05-23 19:42:16', 423),
('300011', 'ข้อมูลการเช่าจักรยาน', '899999', 'เพิ่มข้อมูล', '2019-05-23 19:42:39', 424),
('300012', 'ข้อมูลการเช่าจักรยาน', '899999', 'เพิ่มข้อมูล', '2019-05-23 19:42:58', 425),
('300013', 'ข้อมูลการเช่าจักรยาน', '899999', 'เพิ่มข้อมูล', '2019-05-23 19:43:35', 426),
('300014', 'ข้อมูลการเช่าจักรยาน', '899999', 'เพิ่มข้อมูล', '2019-05-23 19:43:49', 427),
('300015', 'ข้อมูลการเช่าจักรยาน', '899999', 'เพิ่มข้อมูล', '2019-05-23 19:44:03', 428),
('400009', 'ข้อมูลการคืนจักรยาน', '899999', 'เพิ่มข้อมูล', '2019-05-23 19:54:24', 429),
('400010', 'ข้อมูลการคืนจักรยาน', '899999', 'เพิ่มข้อมูล', '2019-05-23 19:55:35', 430),
('400011', 'ข้อมูลการคืนจักรยาน', '899999', 'เพิ่มข้อมูล', '2019-05-23 19:55:47', 431),
('400012', 'ข้อมูลการคืนจักรยาน', '899999', 'เพิ่มข้อมูล', '2019-05-23 19:55:59', 432),
('400013', 'ข้อมูลการคืนจักรยาน', '899999', 'เพิ่มข้อมูล', '2019-05-23 20:00:07', 433),
('400014', 'ข้อมูลการคืนจักรยาน', '899999', 'เพิ่มข้อมูล', '2019-05-23 20:02:54', 434),
('400015', 'ข้อมูลการคืนจักรยาน', '899999', 'เพิ่มข้อมูล', '2019-05-23 20:04:55', 435),
('300016', 'ข้อมูลการเช่าจักรยาน', '899999', 'เพิ่มข้อมูล', '2019-05-23 20:09:27', 436),
('900001', 'ข้อมูลสมาชิก', '899999', 'ลบข้อมูล', '2019-05-23 20:40:31', 437),
('900002', 'ข้อมูลสมาชิก', '899999', 'เพิ่มข้อมูล', '2019-05-23 23:21:50', 438),
('899999', 'ข้อมูลสมาชิก', '899999', 'แก้ไขข้อมูล', '2019-05-23 23:55:26', 439),
('899999', 'ข้อมูลสมาชิก', '899999', 'แก้ไขข้อมูล', '2019-05-23 23:55:31', 440),
('900001', 'ข้อมูลสมาชิก', '900001', 'แก้ไขข้อมูล', '2019-05-24 00:05:11', 441),
('900001', 'ข้อมูลสมาชิก', '900001', 'แก้ไขข้อมูล', '2019-05-24 00:06:31', 442),
('900001', 'ข้อมูลสมาชิก', '900001', 'แก้ไขข้อมูล', '2019-05-24 00:07:25', 443),
('900001', 'ข้อมูลสมาชิก', '900001', 'แก้ไขข้อมูล', '2019-05-24 00:10:12', 444),
('900001', 'ข้อมูลสมาชิก', '900001', 'แก้ไขข้อมูล', '2019-05-24 00:10:20', 445),
('900001', 'ข้อมูลสมาชิก', '900001', 'แก้ไขข้อมูล', '2019-05-24 00:12:48', 446),
('900001', 'ข้อมูลสมาชิก', '900001', 'แก้ไขข้อมูล', '2019-05-24 00:17:06', 447),
('900001', 'ข้อมูลสมาชิก', '900001', 'แก้ไขข้อมูล', '2019-05-24 00:21:11', 448),
('900001', 'ข้อมูลสมาชิก', '900001', 'แก้ไขข้อมูล', '2019-05-24 00:23:16', 449),
('900001', 'ข้อมูลสมาชิก', '900001', 'แก้ไขข้อมูล', '2019-05-24 00:25:41', 450),
('900001', 'ข้อมูลสมาชิก', '900001', 'แก้ไขข้อมูล', '2019-05-24 00:26:54', 451),
('900001', 'ข้อมูลสมาชิก', '900001', 'แก้ไขข้อมูล', '2019-05-24 00:28:58', 452),
('900001', 'ข้อมูลสมาชิก', '900001', 'แก้ไขข้อมูล', '2019-05-24 00:30:51', 453),
('900001', 'ข้อมูลสมาชิก', '900001', 'แก้ไขข้อมูล', '2019-05-24 00:33:45', 454),
('900001', 'ข้อมูลสมาชิก', '900001', 'แก้ไขข้อมูล', '2019-05-24 00:34:15', 455),
('900001', 'ข้อมูลสมาชิก', '900001', 'แก้ไขข้อมูล', '2019-05-24 00:37:35', 456),
('900001', 'ข้อมูลสมาชิก', '900001', 'แก้ไขข้อมูล', '2019-05-24 00:37:41', 457),
('900001', 'ข้อมูลสมาชิก', '900001', 'แก้ไขข้อมูล', '2019-05-24 00:47:51', 458),
('900001', 'ข้อมูลสมาชิก', '900001', 'แก้ไขข้อมูล', '2019-05-24 00:47:57', 459),
('200015', 'ข้อมูลสมาชิก', '900001', 'เพิ่มข้อมูล', '2019-05-24 01:01:13', 460),
('200015', 'ข้อมูลสมาชิก', '900001', 'แก้ไขข้อมูล', '2019-05-24 01:01:19', 461),
('200015', 'ข้อมูลสมาชิก', '900001', 'ลบข้อมูล', '2019-05-24 01:01:40', 462),
('10021', 'ข้อมูลจักรยาน', '900001', 'เพิ่มข้อมูล', '2019-05-24 01:11:38', 463),
('10021', 'ข้อมูลจักรยาน', '900001', 'แก้ไขข้อมูล', '2019-05-24 01:11:44', 464),
('10021', 'ข้อมูลจักรยาน', '900001', 'ลบข้อมูล', '2019-05-24 01:11:49', 465),
('10021', 'ข้อมูลการเช่าจักรยาน', '900001', 'เพิ่มข้อมูล', '2019-05-24 01:26:40', 466),
('300018', 'ข้อมูลการเช่าจักรยาน', '900001', 'เพิ่มข้อมูล', '2019-05-24 01:56:13', 467),
('400016', 'ข้อมูลการคืนจักรยาน', '900001', 'เพิ่มข้อมูล', '2019-05-24 01:58:41', 468),
('400017', 'ข้อมูลการคืนจักรยาน', '900001', 'เพิ่มข้อมูล', '2019-05-24 01:59:43', 469),
('300019', 'ข้อมูลการเช่าจักรยาน', '900001', 'เพิ่มข้อมูล', '2019-05-24 02:16:10', 470),
('400018', 'ข้อมูลการคืนจักรยาน', '900001', 'เพิ่มข้อมูล', '2019-05-24 02:16:22', 471),
('3', 'ข้อมูลสถานะจักรยาน', '899999', 'เพิ่มข้อมูล', '2019-05-24 04:14:05', 472),
('3', 'ข้อมูลสถานะจักรยาน', '899999', 'ลบข้อมูล', '2019-05-24 04:14:09', 473),
('300020', 'ข้อมูลการเช่าจักรยาน', '899999', 'เพิ่มข้อมูล', '2019-05-24 04:26:20', 474),
('300021', 'ข้อมูลการเช่าจักรยาน', '899999', 'เพิ่มข้อมูล', '2019-05-24 04:26:54', 475),
('900003', 'ข้อมูลสมาชิก', '899999', 'เพิ่มข้อมูล', '2019-05-24 10:03:03', 476),
('899999', 'ข้อมูลสมาชิก', '899999', 'แก้ไขข้อมูล', '2019-05-24 10:03:15', 477),
('200015', 'ข้อมูลสมาชิก', '899999', 'เพิ่มข้อมูล', '2019-05-24 10:03:50', 478),
('300022', 'ข้อมูลการเช่าจักรยาน', '899999', 'เพิ่มข้อมูล', '2019-05-24 10:09:09', 479),
('400019', 'ข้อมูลการคืนจักรยาน', '899999', 'เพิ่มข้อมูล', '2019-05-24 10:12:40', 480),
('200015', 'ข้อมูลสมาชิก', '900001', 'แก้ไขข้อมูล', '2019-05-24 11:36:25', 481),
('3', 'ข้อมูลสถานะจักรยาน', '899999', 'เพิ่มข้อมูล', '2019-05-24 13:13:45', 482),
('400020', 'ข้อมูลการคืนจักรยาน', '899999', 'เพิ่มข้อมูล', '2019-05-24 13:28:36', 483),
('400021', 'ข้อมูลการคืนจักรยาน', '899999', 'เพิ่มข้อมูล', '2019-05-24 13:38:05', 484),
('300023', 'ข้อมูลการเช่าจักรยาน', '899999', 'เพิ่มข้อมูล', '2019-05-24 14:44:19', 485),
('200015', 'ข้อมูลสมาชิก', '899999', 'แก้ไขข้อมูล', '2019-06-04 18:22:33', 486);

-- --------------------------------------------------------

--
-- Table structure for table `members`
--

CREATE TABLE `members` (
  `member_id` varchar(20) COLLATE utf8_unicode_ci NOT NULL,
  `name_member` varchar(30) COLLATE utf8_unicode_ci NOT NULL,
  `lastname_member` varchar(30) COLLATE utf8_unicode_ci NOT NULL,
  `gender_member` varchar(7) COLLATE utf8_unicode_ci NOT NULL,
  `mobile_member` varchar(11) COLLATE utf8_unicode_ci NOT NULL,
  `email_member` varchar(30) COLLATE utf8_unicode_ci NOT NULL,
  `address_member` varchar(200) COLLATE utf8_unicode_ci NOT NULL,
  `fee` varchar(5) COLLATE utf8_unicode_ci NOT NULL,
  `employee_id` varchar(20) COLLATE utf8_unicode_ci NOT NULL,
  `created_at` timestamp NULL DEFAULT NULL,
  `updated_at` timestamp NULL DEFAULT NULL
) ENGINE=InnoDB DEFAULT CHARSET=utf8 COLLATE=utf8_unicode_ci;

--
-- Dumping data for table `members`
--

INSERT INTO `members` (`member_id`, `name_member`, `lastname_member`, `gender_member`, `mobile_member`, `email_member`, `address_member`, `fee`, `employee_id`, `created_at`, `updated_at`) VALUES
('200001', 'ธนาธร', 'เหินหาว', 'female', '0875332174', 'test0@gmail.com', '12/201 ต.บางเสาธง อ.บางเสาธง จังหวัด สมุทรปราการ', '50', '5821602599', '2019-03-23 07:24:27', '2019-03-23 07:33:35'),
('200002', 'ชาติชาญ', 'ร้อนรน', 'male', '0858821999', 'test1@gmail.com', '11/201 มหาวิทยาลัยเกษตร์ศาสตร์ วิทยาเขตกำแพงแสน จังหวัด นครปฐม', '50', '5821602599', '2019-03-23 07:39:36', '2019-03-23 07:43:57'),
('200003', 'นิธินัย', 'ไม่รู้ร้อน', 'female', '0865880099', 'test2@gmail.com', '35/2110 ต.บางเสาธง อ.บางเสาธง จังหวัด สมุทรปราการ', '50', '5821602599', '2019-04-23 07:43:30', '2019-05-23 07:43:30'),
('200004', 'นนนที', 'ดัดอักษร', 'male', '0811883993', 'test3@gmail.com', '12/201 มหาวิทยาลัยเกษตร์ศาสตร์ วิทยาเขตกำแพงแสน จังหวัด นครปฐม', '50', '5821602599', '2019-04-23 07:46:25', '2019-04-23 07:46:25'),
('200005', 'อัฐพล', 'สุดเขต', 'male', '0875339975', 'test4@gmail.com', '12/201 มหาวิทยาลัยเกษตร์ศาสตร์ วิทยาเขตกำแพงแสน จังหวัด นครปฐม', '50', '5821602599', '2019-05-23 07:47:46', '2019-05-23 07:47:46'),
('200006', 'ชนาทร', 'บุญนำพา', 'male', '0855883799', 'test5@gmail.com', '12/201 มหาวิทยาลัยเกษตร์ศาสตร์ วิทยาเขตกำแพงแสน จังหวัด นครปฐม', '50', '5821602599', '2019-05-23 07:49:07', '2019-05-23 07:49:07'),
('200007', 'ธนากร', 'แก้วมณี', 'female', '0879332171', 'test6@gmail.com', '21/201 มหาวิทยาลัยเกษตร์ศาสตร์ วิทยาเขตกำแพงแสน จังหวัด นครปฐม', '50', '5821602599', '2019-05-23 07:51:36', '2019-05-23 07:51:36'),
('200008', 'สายใจ', 'เกาะมหาสนุก', 'male', '0875883201', 'test7@gmail.com', '8/205 มหาวิทยาลัยเกษตร์ศาสตร์ วิทยาเขตกำแพงแสน จังหวัด นครปฐม', '50', '899999', '2018-06-23 12:23:40', '2018-06-23 12:23:40'),
('200009', 'สมศักดิ์', 'หวังกระแทกคาง', 'male', '0875883202', 'test8@gmail.com', '8/205 มหาวิทยาลัยเกษตร์ศาสตร์ วิทยาเขตกำแพงแสน จังหวัด นครปฐม', '50', '899999', '2018-06-23 12:24:15', '2018-06-23 12:24:15'),
('200010', 'หวังนที', 'ยืนยง', 'male', '0895883100', 'test9@gmail.com', '8/205 มหาวิทยาลัยเกษตร์ศาสตร์ วิทยาเขตกำแพงแสน จังหวัด นครปฐม', '50', '899999', '2018-06-23 12:24:58', '2018-06-23 12:24:58'),
('200011', 'ณรงค์', 'นัดใช้ปืน', 'male', '0811883922', 'test10@gmail.com', '8/205 มหาวิทยาลัยเกษตร์ศาสตร์ วิทยาเขตกำแพงแสน จังหวัด นครปฐม', '50', '899999', '2018-07-23 12:25:36', '2018-07-23 12:25:36'),
('200012', 'บรรจง', 'ยุทธจักร', 'male', '0875883124', 'test11@gmail.com', '8/205 มหาวิทยาลัยเกษตร์ศาสตร์ วิทยาเขตกำแพงแสน จังหวัด นครปฐม', '50', '899999', '2018-08-23 12:26:35', '2018-08-23 12:26:35'),
('200013', 'กนกกร', 'เหินหาว', 'female', '0875789245', 'test12@gmail.com', '22/205 มหาวิทยาลัยเกษตร์ศาสตร์ วิทยาเขตกำแพงแสน จังหวัด นครปฐม', '50', '899999', '2018-08-23 12:27:35', '2018-08-23 12:27:35'),
('200014', 'นารัตน์', 'พัดลม', 'female', '0825999742', 'test13@gmail.com', '22/205 มหาวิทยาลัยเกษตร์ศาสตร์ วิทยาเขตกำแพงแสน จังหวัด นครปฐม', '50', '899999', '2018-08-23 12:28:43', '2018-08-23 12:28:43'),
('200015', 'สิทธินน', 'เหินหาว', 'male', '0875883747', 'rlexsole@gmail.com', '12/201 มหาวิทยาลัยเกษตร์ศาสตร์ วิทยาเขตกำแพงแสน จังหวัด นครปฐม', '50', '899999', '2019-05-24 03:03:50', '2019-06-04 11:22:33');

-- --------------------------------------------------------

--
-- Table structure for table `migrations`
--

CREATE TABLE `migrations` (
  `id` int(10) UNSIGNED NOT NULL,
  `migration` varchar(255) COLLATE utf8mb4_unicode_ci NOT NULL,
  `batch` int(11) NOT NULL
) ENGINE=InnoDB DEFAULT CHARSET=utf8mb4 COLLATE=utf8mb4_unicode_ci;

--
-- Dumping data for table `migrations`
--

INSERT INTO `migrations` (`id`, `migration`, `batch`) VALUES
(2, '2019_04_04_201025_create_employees_table', 1),
(3, '2014_10_12_000000_create_users_table', 2),
(4, '2014_10_12_100000_create_password_resets_table', 2);

-- --------------------------------------------------------

--
-- Table structure for table `password_resets`
--

CREATE TABLE `password_resets` (
  `email` varchar(100) COLLATE utf8mb4_unicode_ci NOT NULL,
  `token` varchar(100) COLLATE utf8mb4_unicode_ci NOT NULL,
  `created_at` timestamp NULL DEFAULT NULL
) ENGINE=InnoDB DEFAULT CHARSET=utf8mb4 COLLATE=utf8mb4_unicode_ci;

--
-- Dumping data for table `password_resets`
--

INSERT INTO `password_resets` (`email`, `token`, `created_at`) VALUES
('rlexsole@gmail.com', '$2y$10$A3OidFurGaob29gSyhi/4uilsqAt.erR65h9rvEar2PMD3dnuN96K', '2019-05-08 22:02:25');

-- --------------------------------------------------------

--
-- Table structure for table `users`
--

CREATE TABLE `users` (
  `employee_id` varchar(21) CHARACTER SET utf8 COLLATE utf8_unicode_ci NOT NULL,
  `type` tinyint(1) NOT NULL DEFAULT '0',
  `name` varchar(50) CHARACTER SET utf8 COLLATE utf8_unicode_ci NOT NULL,
  `lastname` varchar(50) CHARACTER SET utf8 COLLATE utf8_unicode_ci NOT NULL,
  `mobile` varchar(15) CHARACTER SET utf8 COLLATE utf8_unicode_ci NOT NULL,
  `gender` varchar(20) CHARACTER SET utf8 COLLATE utf8_unicode_ci NOT NULL,
  `address` varchar(200) CHARACTER SET utf8 COLLATE utf8_unicode_ci NOT NULL,
  `email` varchar(100) CHARACTER SET utf8 COLLATE utf8_unicode_ci NOT NULL,
  `email_verified_at` timestamp NULL DEFAULT NULL,
  `password` varchar(100) CHARACTER SET utf8 COLLATE utf8_unicode_ci NOT NULL,
  `remember_token` varchar(100) CHARACTER SET utf8 COLLATE utf8_unicode_ci DEFAULT NULL,
  `created_at` timestamp NULL DEFAULT NULL,
  `updated_at` timestamp NULL DEFAULT NULL
) ENGINE=InnoDB DEFAULT CHARSET=utf8mb4 COLLATE=utf8mb4_unicode_ci;

--
-- Dumping data for table `users`
--

INSERT INTO `users` (`employee_id`, `type`, `name`, `lastname`, `mobile`, `gender`, `address`, `email`, `email_verified_at`, `password`, `remember_token`, `created_at`, `updated_at`) VALUES
('899999', 1, 'ชนาทร', 'ทินกร', '0855680215', 'male', '12/201 มหาวิทยาลัยเกษตร์ศาสตร์ วิทยาเขตกำแพงแสน จังหวัด นครปฐม', 'admin@admin.com', NULL, '$2y$10$IFalIOutfTQlBuj4w10UzuVznrzFsUp7a5NVnbS/SCZOjo0azIZky', NULL, '2019-05-09 11:05:10', '2019-05-24 03:03:15'),
('900001', 0, 'กันภัย', 'สูญสิ้นสารพัดภัย', '0875883746', 'male', '11/301 มหาวิทยาลัยเกษตร์ศาสตร์ วิทยาเขตกำแพงแสน จังหวัดนครปฐม', 'rlexsole@gmail.com', NULL, '$2y$10$TV.Z5KkR2zCRKXwYjWKJJ.vv222YvKtn7nfzOpG3LIX4f.tOzIVvC', NULL, '2019-05-23 07:18:30', '2019-05-23 17:47:57'),
('900002', 0, 'ธนาธร', 'ขวัญใจ', '0815787413', 'female', '12/45 ต.บางเสาธง อ.บางเสาธง จังหวัด สมุทรปราการ', 'rlexchanathorn1996@gmail.com', NULL, '$2y$10$Bx5e6Tu75h9tI6DY78zcMOI.20nSAZ7bWrXD7ls5zG.4uLYkNJhhG', NULL, '2019-05-23 16:21:50', '2019-05-23 16:21:50'),
('900003', 0, 'ทดสอบ', 'ปัญหาพิเศษ', '0871234567', 'male', '12/201', 'rlexsole0@gmail.com', NULL, '$2y$10$pRybTT7GBgccOCFHD57Wd./bKMZ0gLl9xDz1A8aaRPGbN9NH61Q.G', NULL, '2019-05-24 03:03:03', '2019-05-24 03:03:03');

--
-- Indexes for dumped tables
--

--
-- Indexes for table `bikeprices`
--
ALTER TABLE `bikeprices`
  ADD PRIMARY KEY (`type_id`),
  ADD UNIQUE KEY `bike_type` (`bike_type`);

--
-- Indexes for table `bikerentals`
--
ALTER TABLE `bikerentals`
  ADD PRIMARY KEY (`rental_id`);

--
-- Indexes for table `bikereturns`
--
ALTER TABLE `bikereturns`
  ADD PRIMARY KEY (`return_id`);

--
-- Indexes for table `bikes`
--
ALTER TABLE `bikes`
  ADD PRIMARY KEY (`bike_id`);

--
-- Indexes for table `bikestatuses`
--
ALTER TABLE `bikestatuses`
  ADD PRIMARY KEY (`status_id`),
  ADD UNIQUE KEY `status` (`status`);

--
-- Indexes for table `historybikes`
--
ALTER TABLE `historybikes`
  ADD PRIMARY KEY (`id`);

--
-- Indexes for table `members`
--
ALTER TABLE `members`
  ADD PRIMARY KEY (`member_id`);

--
-- Indexes for table `migrations`
--
ALTER TABLE `migrations`
  ADD PRIMARY KEY (`id`);

--
-- Indexes for table `password_resets`
--
ALTER TABLE `password_resets`
  ADD KEY `password_resets_email_index` (`email`);

--
-- Indexes for table `users`
--
ALTER TABLE `users`
  ADD PRIMARY KEY (`employee_id`),
  ADD UNIQUE KEY `email` (`email`);

--
-- AUTO_INCREMENT for dumped tables
--

--
-- AUTO_INCREMENT for table `historybikes`
--
ALTER TABLE `historybikes`
  MODIFY `id` int(9) NOT NULL AUTO_INCREMENT, AUTO_INCREMENT=487;

--
-- AUTO_INCREMENT for table `migrations`
--
ALTER TABLE `migrations`
  MODIFY `id` int(10) UNSIGNED NOT NULL AUTO_INCREMENT, AUTO_INCREMENT=5;
COMMIT;

/*!40101 SET CHARACTER_SET_CLIENT=@OLD_CHARACTER_SET_CLIENT */;
/*!40101 SET CHARACTER_SET_RESULTS=@OLD_CHARACTER_SET_RESULTS */;
/*!40101 SET COLLATION_CONNECTION=@OLD_COLLATION_CONNECTION */;
